id,date,infadj,raw,10 yr treasury
DJIA,1/1/1915,1402.59,56.54,0.042
DJIA,2/1/1915,1378.53,55.02,0.042
DJIA,3/1/1915,1539.49,60.83,0.042
DJIA,4/1/1915,1798.45,71.78,0.042
DJIA,5/1/1915,1612.7,65.01,0.042
DJIA,6/1/1915,1737.98,70.06,0.042
DJIA,7/1/1915,1873.67,75.53,0.042
DJIA,8/1/1915,2014.33,81.2,0.041
DJIA,9/1/1915,2247.02,90.58,0.041
DJIA,10/1/1915,2341.84,95.34,0.041
DJIA,11/1/1915,2352.47,96.71,0.041
DJIA,12/1/1915,2411.82,99.15,0.041
DJIA,1/1/1916,2182.16,90.58,0.041
DJIA,2/1/1916,2193,91.03,0.041
DJIA,3/1/1916,2225.13,93.25,0.041
DJIA,4/1/1916,2118.97,89.65,0.041
DJIA,5/1/1916,2149.59,91.8,0.041
DJIA,6/1/1916,2078.17,89.58,0.041
DJIA,7/1/1916,2070.51,89.25,0.041
DJIA,8/1/1916,2120.46,92.25,0.042
DJIA,9/1/1916,2341.39,103.73,0.042
DJIA,10/1/1916,2319.41,104.61,0.042
DJIA,11/1/1916,2308.77,105.97,0.042
DJIA,12/1/1916,2051.91,95,0.042
DJIA,1/1/1917,2043.54,95.43,0.042
DJIA,2/1/1917,1911.68,91.56,0.043
DJIA,3/1/1917,2019.42,96.72,0.043
DJIA,4/1/1917,1853.88,93.23,0.043
DJIA,5/1/1917,1906.12,97.38,0.043
DJIA,6/1/1917,1838.26,95.38,0.044
DJIA,7/1/1917,1795.91,91.75,0.044
DJIA,8/1/1917,1607.37,83.4,0.044
DJIA,9/1/1917,1572.22,83.46,0.045
DJIA,10/1/1917,1382.65,74.5,0.045
DJIA,11/1/1917,1348.31,72.65,0.045
DJIA,12/1/1917,1360.26,74.38,0.045
DJIA,1/1/1918,1428.1,79.8,0.046
DJIA,2/1/1918,1428.45,80.39,0.046
DJIA,3/1/1918,1367.43,76.41,0.046
DJIA,4/1/1918,1367.59,77.51,0.046
DJIA,5/1/1918,1349.14,78.08,0.046
DJIA,6/1/1918,1407.49,82.58,0.045
DJIA,7/1/1918,1347.77,81.23,0.045
DJIA,8/1/1918,1341.54,82.46,0.045
DJIA,9/1/1918,1351.32,84.68,0.045
DJIA,10/1/1918,1339,85.51,0.045
DJIA,11/1/1918,1243.98,80.93,0.045
DJIA,12/1/1918,1248.21,82.2,0.045
DJIA,1/1/1919,1224.06,80.61,0.045
DJIA,2/1/1919,1311.67,84.81,0.045
DJIA,3/1/1919,1357.36,88.85,0.046
DJIA,4/1/1919,1393.48,92.88,0.046
DJIA,5/1/1919,1564.04,105.5,0.047
DJIA,6/1/1919,1585.98,106.98,0.047
DJIA,7/1/1919,1543,107.16,0.047
DJIA,8/1/1919,1482.74,104.75,0.048
DJIA,9/1/1919,1568.35,111.42,0.048
DJIA,10/1/1919,1646.09,118.92,0.049
DJIA,11/1/1919,1404.68,103.72,0.049
DJIA,12/1/1919,1421.44,107.23,0.049
DJIA,1/1/1920,1352.85,104.21,0.050
DJIA,2/1/1920,1171.57,91.18,0.050
DJIA,3/1/1920,1307.54,102.81,0.050
DJIA,4/1/1920,1154.47,93.54,0.050
DJIA,5/1/1920,1116.59,91.81,0.050
DJIA,6/1/1920,1088.03,90.76,0.050
DJIA,7/1/1920,1046.11,86.85,0.050
DJIA,8/1/1920,1063.39,86.16,0.050
DJIA,9/1/1920,1039.11,82.95,0.051
DJIA,10/1/1920,1071.16,85.08,0.051
DJIA,11/1/1920,962.21,76.04,0.051
DJIA,12/1/1920,929.23,71.95,0.051
DJIA,1/1/1921,1003.93,76.13,0.051
DJIA,2/1/1921,1021,74.98,0.050
DJIA,3/1/1921,1037.23,75.76,0.050
DJIA,4/1/1921,1087.57,78.57,0.049
DJIA,5/1/1921,1039.54,73.44,0.048
DJIA,6/1/1921,974.45,68.45,0.048
DJIA,7/1/1921,967.78,68.37,0.047
DJIA,8/1/1921,949.94,67.11,0.046
DJIA,9/1/1921,1017.65,71.08,0.046
DJIA,10/1/1921,1048.15,73.21,0.045
DJIA,11/1/1921,1113.04,77.3,0.044
DJIA,12/1/1921,1170.15,80.8,0.044
DJIA,1/1/1922,1205.27,81.3,0.043
DJIA,2/1/1922,1266.94,85.46,0.043
DJIA,3/1/1922,1336.02,89.05,0.043
DJIA,4/1/1922,1379.23,91.93,0.043
DJIA,5/1/1922,1440.74,96.03,0.043
DJIA,6/1/1922,1394.23,92.93,0.043
DJIA,7/1/1922,1447.31,97.05,0.043
DJIA,8/1/1922,1521.07,100.78,0.043
DJIA,9/1/1922,1465.83,97.12,0.043
DJIA,10/1/1922,1441.94,96.11,0.044
DJIA,11/1/1922,1411.52,94.65,0.044
DJIA,12/1/1922,1455.37,98.17,0.044
DJIA,1/1/1923,1452.97,97.43,0.044
DJIA,2/1/1923,1549.46,103.9,0.043
DJIA,3/1/1923,1532.61,102.77,0.043
DJIA,4/1/1923,1458.48,98.38,0.043
DJIA,5/1/1923,1445.88,97.53,0.043
DJIA,6/1/1923,1302.84,88.4,0.042
DJIA,7/1/1923,1266.02,86.91,0.042
DJIA,8/1/1923,1369.38,93.46,0.042
DJIA,9/1/1923,1281.46,87.97,0.042
DJIA,10/1/1923,1282.09,88.53,0.041
DJIA,11/1/1923,1337.27,92.34,0.041
DJIA,12/1/1923,1383.32,95.52,0.041
DJIA,1/1/1924,1457.76,100.66,0.041
DJIA,2/1/1924,1423.05,97.69,0.040
DJIA,3/1/1924,1352.09,92.28,0.040
DJIA,4/1/1924,1335.7,90.63,0.040
DJIA,5/1/1924,1324.95,89.9,0.040
DJIA,6/1/1924,1420.3,96.37,0.040
DJIA,7/1/1924,1496.56,102.14,0.040
DJIA,8/1/1924,1534.82,104.14,0.039
DJIA,9/1/1924,1511.5,103.16,0.039
DJIA,10/1/1924,1515.84,104.06,0.039
DJIA,11/1/1924,1618.39,111.1,0.039
DJIA,12/1/1924,1745.23,120.51,0.039
DJIA,1/1/1925,1788.38,123.49,0.039
DJIA,2/1/1925,1780.67,122.24,0.039
DJIA,3/1/1925,1690.77,116.75,0.038
DJIA,4/1/1925,1748.19,120.01,0.038
DJIA,5/1/1925,1881.94,129.95,0.038
DJIA,6/1/1925,1875.67,131.01,0.038
DJIA,7/1/1925,1894.08,133.81,0.038
DJIA,8/1/1925,1998.4,141.18,0.038
DJIA,9/1/1925,2030.68,143.46,0.037
DJIA,10/1/1925,2203.23,155.65,0.037
DJIA,11/1/1925,2102.88,151.08,0.037
DJIA,12/1/1925,2114.67,151.08,0.037
DJIA,1/1/1926,2202.43,157.35,0.037
DJIA,2/1/1926,2165.06,154.68,0.037
DJIA,3/1/1926,1977.11,140.46,0.036
DJIA,4/1/1926,2011.51,143.71,0.036
DJIA,5/1/1926,2018.92,143.43,0.036
DJIA,6/1/1926,2166.28,153.04,0.035
DJIA,7/1/1926,2293.3,160.18,0.035
DJIA,8/1/1926,2339.98,162.51,0.035
DJIA,9/1/1926,2264.81,158.19,0.035
DJIA,10/1/1926,2146.22,150.76,0.034
DJIA,11/1/1926,2215.97,156.55,0.034
DJIA,12/1/1926,2225.17,157.2,0.034
DJIA,1/1/1927,2239.32,156.41,0.033
DJIA,2/1/1927,2332.06,161.96,0.033
DJIA,3/1/1927,2318.28,160.08,0.033
DJIA,4/1/1927,2384.32,164.64,0.033
DJIA,5/1/1927,2490.45,172.96,0.033
DJIA,6/1/1927,2366.45,166.23,0.033
DJIA,7/1/1927,2627.03,181.4,0.033
DJIA,8/1/1927,2764.67,189.79,0.033
DJIA,9/1/1927,2861.5,197.59,0.033
DJIA,10/1/1927,2616.73,181.73,0.033
DJIA,11/1/1927,2870.48,198.21,0.033
DJIA,12/1/1927,2906.54,200.7,0.033
DJIA,1/1/1928,2875.98,198.59,0.033
DJIA,2/1/1928,2853.92,194.78,0.034
DJIA,3/1/1928,3142.12,214.45,0.034
DJIA,4/1/1928,3100.8,211.63,0.034
DJIA,5/1/1928,3201.97,219.81,0.034
DJIA,6/1/1928,3082.34,210.37,0.034
DJIA,7/1/1928,3164.83,216,0.035
DJIA,8/1/1928,3522.49,240.41,0.035
DJIA,9/1/1928,3437.74,237.38,0.035
DJIA,10/1/1928,3673.21,252.16,0.035
DJIA,11/1/1928,4273.67,293.38,0.036
DJIA,12/1/1928,4395.6,300,0.036
DJIA,1/1/1929,4652.16,317.51,0.036
DJIA,2/1/1929,4650.69,317.41,0.036
DJIA,3/1/1929,4551.83,308.85,0.036
DJIA,4/1/1929,4733.47,319.29,0.035
DJIA,5/1/1929,4383.23,297.41,0.035
DJIA,6/1/1929,4890.69,333.79,0.035
DJIA,7/1/1929,5035.39,347.7,0.035
DJIA,8/1/1929,5507.94,380.33,0.034
DJIA,9/1/1929,4973.84,343.45,0.034
DJIA,10/1/1929,3960.97,273.51,0.034
DJIA,11/1/1929,3460.47,238.95,0.033
DJIA,12/1/1929,3619.61,248.48,0.033
DJIA,1/1/1930,3914.14,267.14,0.033
DJIA,2/1/1930,3995.62,271.11,0.033
DJIA,3/1/1930,4241.43,286.1,0.033
DJIA,4/1/1930,4115.29,279.23,0.033
DJIA,5/1/1930,4077.91,275.07,0.033
DJIA,6/1/1930,3375.41,226.34,0.033
DJIA,7/1/1930,3531.61,233.99,0.033
DJIA,8/1/1930,3650.78,240.42,0.033
DJIA,9/1/1930,3092.56,204.9,0.033
DJIA,10/1/1930,2784.17,183.35,0.033
DJIA,11/1/1930,2801.65,183.39,0.033
DJIA,12/1/1930,2561.19,164.58,0.033
DJIA,1/1/1931,2640.25,167.55,0.033
DJIA,2/1/1931,3026.59,189.66,0.034
DJIA,3/1/1931,2768.27,172.36,0.034
DJIA,4/1/1931,2443.84,151.19,0.034
DJIA,5/1/1931,2103.66,128.46,0.035
DJIA,6/1/1931,2491.79,150.18,0.035
DJIA,7/1/1931,2246.39,135.39,0.035
DJIA,8/1/1931,2313.09,139.41,0.035
DJIA,9/1/1931,1613.68,96.61,0.036
DJIA,10/1/1931,1772.81,105.43,0.036
DJIA,11/1/1931,1599.92,93.87,0.036
DJIA,12/1/1931,1336.84,77.9,0.037
DJIA,1/1/1932,1334.92,76.19,0.037
DJIA,2/1/1932,1447.11,81.44,0.037
DJIA,3/1/1932,1311.42,73.28,0.036
DJIA,4/1/1932,1011.38,56.11,0.036
DJIA,5/1/1932,818.21,44.74,0.036
DJIA,6/1/1932,789.24,42.84,0.035
DJIA,7/1/1932,999.63,54.26,0.035
DJIA,8/1/1932,1357.78,73.16,0.035
DJIA,9/1/1932,1337.96,71.56,0.034
DJIA,10/1/1932,1166.07,61.9,0.034
DJIA,11/1/1932,1069.58,56.35,0.034
DJIA,12/1/1932,1146.22,59.93,0.033
DJIA,1/1/1933,1182.8,60.9,0.033
DJIA,2/1/1933,1013.82,51.39,0.033
DJIA,3/1/1933,1101.63,55.4,0.033
DJIA,4/1/1933,1544.27,77.66,0.033
DJIA,5/1/1933,1752.07,88.11,0.033
DJIA,6/1/1933,1936.11,98.14,0.032
DJIA,7/1/1933,1736.07,90.77,0.032
DJIA,8/1/1933,1943.84,102.41,0.032
DJIA,9/1/1933,1799.78,94.82,0.032
DJIA,10/1/1933,1673.36,88.16,0.032
DJIA,11/1/1933,1862.8,98.14,0.032
DJIA,12/1/1933,1896.2,99.9,0.031
DJIA,1/1/1934,2035.14,107.22,0.031
DJIA,2/1/1934,1948.98,103.46,0.031
DJIA,3/1/1934,1918.65,101.85,0.031
DJIA,4/1/1934,1893.03,100.49,0.030
DJIA,5/1/1934,1770.77,94,0.030
DJIA,6/1/1934,1789.68,95.72,0.030
DJIA,7/1/1934,1646.27,88.05,0.030
DJIA,8/1/1934,1736.2,92.86,0.029
DJIA,9/1/1934,1706.52,92.63,0.029
DJIA,10/1/1934,1732.67,93.36,0.029
DJIA,11/1/1934,1910.46,102.94,0.029
DJIA,12/1/1934,1945.24,104.04,0.028
DJIA,1/1/1935,1873.43,101.69,0.028
DJIA,2/1/1935,1872.33,102.38,0.028
DJIA,3/1/1935,1843.61,100.81,0.028
DJIA,4/1/1935,1987.17,109.45,0.028
DJIA,5/1/1935,2008.78,110.64,0.027
DJIA,6/1/1935,2161.82,118.21,0.027
DJIA,7/1/1935,2308.49,126.23,0.027
DJIA,8/1/1935,2338.85,127.89,0.027
DJIA,9/1/1935,2412.55,131.92,0.027
DJIA,10/1/1935,2555.57,139.74,0.027
DJIA,11/1/1935,2584.51,142.35,0.027
DJIA,12/1/1935,2616.82,144.13,0.027
DJIA,1/1/1936,2714.14,149.49,0.027
DJIA,2/1/1936,2762.44,152.15,0.027
DJIA,3/1/1936,2859.15,156.34,0.027
DJIA,4/1/1936,2664.01,145.67,0.027
DJIA,5/1/1936,2791.48,152.64,0.027
DJIA,6/1/1936,2863.02,157.69,0.027
DJIA,7/1/1936,2971.6,164.86,0.027
DJIA,8/1/1936,2975.93,166.29,0.027
DJIA,9/1/1936,3003.31,167.82,0.027
DJIA,10/1/1936,3170.99,177.19,0.027
DJIA,11/1/1936,3278.91,183.22,0.027
DJIA,12/1/1936,3219.49,179.9,0.027
DJIA,1/1/1937,3300.41,185.74,0.027
DJIA,2/1/1937,3328.13,187.3,0.027
DJIA,3/1/1937,3289.02,186.41,0.027
DJIA,4/1/1937,3053.38,174.27,0.027
DJIA,5/1/1937,3039.78,174.71,0.026
DJIA,6/1/1937,2946,169.32,0.026
DJIA,7/1/1937,3207.16,185.61,0.026
DJIA,8/1/1937,3065.47,177.41,0.026
DJIA,9/1/1937,2652.58,154.57,0.026
DJIA,10/1/1937,2371.14,138.17,0.026
DJIA,11/1/1937,2133.61,123.48,0.026
DJIA,12/1/1937,2102.67,120.85,0.026
DJIA,1/1/1938,2150.27,121.87,0.026
DJIA,2/1/1938,2303.57,129.64,0.025
DJIA,3/1/1938,1758.24,98.95,0.025
DJIA,4/1/1938,1963.42,111.28,0.025
DJIA,5/1/1938,1914.43,107.74,0.025
DJIA,6/1/1938,2378.91,133.88,0.025
DJIA,7/1/1938,2509.87,141.25,0.025
DJIA,8/1/1938,2474.69,139.27,0.024
DJIA,9/1/1938,2513.43,141.45,0.024
DJIA,10/1/1938,2715.36,151.73,0.024
DJIA,11/1/1938,2681.18,149.82,0.024
DJIA,12/1/1938,2769.58,154.76,0.024
DJIA,1/1/1939,2572.73,143.76,0.024
DJIA,2/1/1939,2655.08,147.3,0.024
DJIA,3/1/1939,2376.42,131.84,0.023
DJIA,4/1/1939,2332.14,128.45,0.023
DJIA,5/1/1939,2508.8,138.18,0.023
DJIA,6/1/1939,2371.72,130.63,0.023
DJIA,7/1/1939,2601.03,143.26,0.023
DJIA,8/1/1939,2440.35,134.41,0.023
DJIA,9/1/1939,2710.48,152.54,0.023
DJIA,10/1/1939,2718.04,151.88,0.023
DJIA,11/1/1939,2607.27,145.69,0.022
DJIA,12/1/1939,2688.7,150.24,0.022
DJIA,1/1/1940,2619.57,145.33,0.022
DJIA,2/1/1940,2622.48,146.54,0.022
DJIA,3/1/1940,2647.71,147.95,0.022
DJIA,4/1/1940,2656.3,148.43,0.022
DJIA,5/1/1940,2079.87,116.22,0.021
DJIA,6/1/1940,2165.51,121.87,0.021
DJIA,7/1/1940,2257.4,126.14,0.021
DJIA,8/1/1940,2316.1,129.42,0.021
DJIA,9/1/1940,2373.73,132.64,0.020
DJIA,10/1/1940,2408.98,134.61,0.020
DJIA,11/1/1940,2344.38,131,0.020
DJIA,12/1/1940,2330.05,131.13,0.020
DJIA,1/1/1941,2205.67,124.13,0.020
DJIA,2/1/1941,2167.28,121.97,0.020
DJIA,3/1/1941,2165.27,122.72,0.020
DJIA,4/1/1941,2024.38,115.54,0.021
DJIA,5/1/1941,2014.11,115.76,0.021
DJIA,6/1/1941,2098.8,123.14,0.022
DJIA,7/1/1941,2195.1,128.79,0.022
DJIA,8/1/1941,2147.28,127.7,0.023
DJIA,9/1/1941,2104.2,126.82,0.023
DJIA,10/1/1941,1929.42,117.82,0.023
DJIA,11/1/1941,1858.41,114.23,0.024
DJIA,12/1/1941,1793.56,110.96,0.024
DJIA,1/1/1942,1741.18,109.11,0.025
DJIA,2/1/1942,1693.37,106.79,0.025
DJIA,3/1/1942,1558.54,99.53,0.025
DJIA,4/1/1942,1483.84,95.35,0.025
DJIA,5/1/1942,1550.63,100.88,0.025
DJIA,6/1/1942,1588.44,103.34,0.025
DJIA,7/1/1942,1615.08,105.72,0.025
DJIA,8/1/1942,1614.62,106.33,0.025
DJIA,9/1/1942,1656.84,109.11,0.025
DJIA,10/1/1942,1711.39,114.07,0.025
DJIA,11/1/1942,1707.54,114.5,0.025
DJIA,12/1/1942,1770.11,119.4,0.025
DJIA,1/1/1943,1861.72,125.58,0.025
DJIA,2/1/1943,1928.88,130.11,0.025
DJIA,3/1/1943,1989.42,136.57,0.025
DJIA,4/1/1943,1950.78,135.48,0.025
DJIA,5/1/1943,2033.87,142.06,0.025
DJIA,6/1/1943,2052.77,143.38,0.025
DJIA,7/1/1943,1957.54,135.95,0.025
DJIA,8/1/1943,1978.53,136.62,0.025
DJIA,9/1/1943,2017.59,140.12,0.025
DJIA,10/1/1943,1990.95,138.27,0.025
DJIA,11/1/1943,1865.68,129.57,0.025
DJIA,12/1/1943,1956.68,135.89,0.025
DJIA,1/1/1944,1978.42,137.4,0.025
DJIA,2/1/1944,1962.58,136.3,0.025
DJIA,3/1/1944,1999.16,138.84,0.025
DJIA,4/1/1944,1950.4,136.23,0.025
DJIA,5/1/1944,2036.45,142.24,0.024
DJIA,6/1/1944,2112.34,148.38,0.024
DJIA,7/1/1944,2068.19,146.11,0.024
DJIA,8/1/1944,2080.64,146.99,0.024
DJIA,9/1/1944,2076.96,146.73,0.024
DJIA,10/1/1944,2074.13,146.53,0.024
DJIA,11/1/1944,2085.46,147.33,0.024
DJIA,12/1/1944,2144.06,152.32,0.024
DJIA,1/1/1945,2163.06,153.67,0.024
DJIA,2/1/1945,2257.79,160.4,0.024
DJIA,3/1/1945,2173.48,154.41,0.023
DJIA,4/1/1945,2328.73,165.44,0.023
DJIA,5/1/1945,2355.7,168.3,0.023
DJIA,6/1/1945,2287.94,165.29,0.023
DJIA,7/1/1945,2254.58,162.88,0.023
DJIA,8/1/1945,2412.52,174.29,0.023
DJIA,9/1/1945,2515.23,181.71,0.023
DJIA,10/1/1945,2582.92,186.6,0.022
DJIA,11/1/1945,2650.19,191.46,0.022
DJIA,12/1/1945,2655.6,192.91,0.022
DJIA,1/1/1946,2817.49,204.67,0.022
DJIA,2/1/1946,2631.23,190.09,0.022
DJIA,3/1/1946,2734.78,199.75,0.022
DJIA,4/1/1946,2815.59,206.77,0.022
DJIA,5/1/1946,2874.91,212.28,0.022
DJIA,6/1/1946,2754.9,205.62,0.022
DJIA,7/1/1946,2550.54,201.56,0.022
DJIA,8/1/1946,2346.52,189.19,0.022
DJIA,9/1/1946,2117.66,172.42,0.022
DJIA,10/1/1946,2037.41,169.15,0.022
DJIA,11/1/1946,1997.36,169.8,0.022
DJIA,12/1/1946,2064.91,177.2,0.023
DJIA,1/1/1947,2102.67,180.44,0.023
DJIA,2/1/1947,2084.72,178.9,0.023
DJIA,3/1/1947,2027.17,177.2,0.023
DJIA,4/1/1947,1952.12,170.64,0.023
DJIA,5/1/1947,1936.22,169.25,0.023
DJIA,6/1/1947,2019.09,177.3,0.023
DJIA,7/1/1947,2067.37,183.18,0.024
DJIA,8/1/1947,1991.49,178.85,0.024
DJIA,9/1/1947,1933.4,177.49,0.024
DJIA,10/1/1947,1980.46,181.81,0.024
DJIA,11/1/1947,1945.77,179.4,0.024
DJIA,12/1/1947,1939.68,181.16,0.024
DJIA,1/1/1948,1850.63,175.05,0.024
DJIA,2/1/1948,1783.75,167.3,0.024
DJIA,3/1/1948,1897.28,177.2,0.024
DJIA,4/1/1948,1900.23,180.51,0.024
DJIA,5/1/1948,1999.53,190.74,0.024
DJIA,6/1/1948,1969.63,189.46,0.024
DJIA,7/1/1948,1861.9,181.33,0.024
DJIA,8/1/1948,1858.17,181.71,0.024
DJIA,9/1/1948,1823.3,178.3,0.024
DJIA,10/1/1948,1936.75,188.62,0.023
DJIA,11/1/1948,1772.43,171.2,0.023
DJIA,12/1/1948,1843.21,177.3,0.023
DJIA,1/1/1949,1869.83,179.12,0.023
DJIA,2/1/1949,1821.8,173.06,0.023
DJIA,3/1/1949,1864.33,177.1,0.023
DJIA,4/1/1949,1825.72,174.16,0.023
DJIA,5/1/1949,1772.33,168.36,0.023
DJIA,6/1/1949,1755.06,167.42,0.023
DJIA,7/1/1949,1859.83,175.92,0.023
DJIA,8/1/1949,1880.75,178.66,0.023
DJIA,9/1/1949,1913.25,182.51,0.023
DJIA,10/1/1949,2003.82,189.54,0.023
DJIA,11/1/1949,2016.45,191.55,0.023
DJIA,12/1/1949,2124.58,200.13,0.023
DJIA,1/1/1950,2151.48,201.79,0.023
DJIA,2/1/1950,2169.08,203.44,0.023
DJIA,3/1/1950,2187.43,206.05,0.024
DJIA,4/1/1950,2275.33,214.33,0.024
DJIA,5/1/1950,2362,223.42,0.024
DJIA,6/1/1950,2201.3,209.11,0.024
DJIA,7/1/1950,2176.92,209.4,0.025
DJIA,8/1/1950,2236.15,216.87,0.025
DJIA,9/1/1950,2324.26,226.36,0.025
DJIA,10/1/1950,2291.73,225.01,0.025
DJIA,11/1/1950,2308.77,227.6,0.025
DJIA,12/1/1950,2359.28,235.41,0.026
DJIA,1/1/1951,2454.46,248.83,0.026
DJIA,2/1/1951,2457.24,252.05,0.026
DJIA,3/1/1951,2407.75,247.94,0.026
DJIA,4/1/1951,2516.41,259.13,0.026
DJIA,5/1/1951,2415.11,249.65,0.026
DJIA,6/1/1951,2347.3,242.64,0.026
DJIA,7/1/1951,2494.54,257.86,0.026
DJIA,8/1/1951,2614.4,270.25,0.026
DJIA,9/1/1951,2602.86,271.16,0.026
DJIA,10/1/1951,2508.85,262.35,0.027
DJIA,11/1/1951,2479.45,261.27,0.027
DJIA,12/1/1951,2545.57,269.23,0.027
DJIA,1/1/1952,2559.37,270.69,0.027
DJIA,2/1/1952,2477.52,260.08,0.027
DJIA,3/1/1952,2566.88,269.46,0.027
DJIA,4/1/1952,2444.91,257.63,0.027
DJIA,5/1/1952,2495.3,262.94,0.027
DJIA,6/1/1952,2593.13,274.26,0.027
DJIA,7/1/1952,2623.39,279.56,0.028
DJIA,8/1/1952,2580.98,275.04,0.028
DJIA,9/1/1952,2539.4,270.61,0.028
DJIA,10/1/1952,2526.45,269.23,0.028
DJIA,11/1/1952,2661.87,283.66,0.028
DJIA,12/1/1952,2739.19,291.9,0.028
DJIA,1/1/1953,2729.34,289.77,0.028
DJIA,2/1/1953,2687.77,284.27,0.028
DJIA,3/1/1953,2636.1,279.87,0.028
DJIA,4/1/1953,2587.87,274.75,0.028
DJIA,5/1/1953,2555.08,272.28,0.031
DJIA,6/1/1953,2507.96,268.26,0.031
DJIA,7/1/1953,2574.53,275.38,0.029
DJIA,8/1/1953,2433,261.22,0.030
DJIA,9/1/1953,2459.27,264.04,0.029
DJIA,10/1/1953,2559.24,275.81,0.027
DJIA,11/1/1953,2620.68,281.37,0.027
DJIA,12/1/1953,2616.3,280.9,0.026
DJIA,1/1/1954,2723.32,292.39,0.025
DJIA,2/1/1954,2743.35,294.54,0.025
DJIA,3/1/1954,2826.89,303.51,0.024
DJIA,4/1/1954,2985.42,319.33,0.023
DJIA,5/1/1954,3050.24,327.49,0.024
DJIA,6/1/1954,3106.5,333.53,0.024
DJIA,7/1/1954,3240.53,347.92,0.023
DJIA,8/1/1954,3127.64,335.8,0.024
DJIA,9/1/1954,3369.94,360.46,0.024
DJIA,10/1/1954,3292.16,352.14,0.024
DJIA,11/1/1954,3615.91,386.77,0.025
DJIA,12/1/1954,3794.8,404.39,0.025
DJIA,1/1/1955,3836.46,408.83,0.026
DJIA,2/1/1955,3864.99,411.87,0.027
DJIA,3/1/1955,3844.62,409.7,0.027
DJIA,4/1/1955,3994.3,425.65,0.028
DJIA,5/1/1955,3986.89,424.86,0.028
DJIA,6/1/1955,4235.75,451.38,0.028
DJIA,7/1/1955,4355.23,465.85,0.029
DJIA,8/1/1955,4377.01,468.18,0.030
DJIA,9/1/1955,4346.1,466.62,0.030
DJIA,10/1/1955,4236.66,454.87,0.029
DJIA,11/1/1955,4501.08,483.26,0.029
DJIA,12/1/1955,4566.05,488.4,0.030
DJIA,1/1/1956,4400.95,470.74,0.029
DJIA,2/1/1956,4521.64,483.65,0.028
DJIA,3/1/1956,4784.72,511.79,0.030
DJIA,4/1/1956,4807.14,516.12,0.032
DJIA,5/1/1956,4435.83,478.05,0.031
DJIA,6/1/1956,4539,492.78,0.030
DJIA,7/1/1956,4734.85,517.81,0.031
DJIA,8/1/1956,4607.72,502.04,0.033
DJIA,9/1/1956,4345.69,475.25,0.034
DJIA,10/1/1956,4371.91,479.85,0.033
DJIA,11/1/1956,4307.5,472.78,0.035
DJIA,12/1/1956,4534.19,499.47,0.036
DJIA,1/1/1957,4349.81,479.16,0.035
DJIA,2/1/1957,4202.49,464.62,0.033
DJIA,3/1/1957,4278.99,474.81,0.034
DJIA,4/1/1957,4439.35,494.36,0.035
DJIA,5/1/1957,4518.11,504.93,0.036
DJIA,6/1/1957,4487.33,503.29,0.038
DJIA,7/1/1957,4501.93,508.52,0.039
DJIA,8/1/1957,4287.95,484.35,0.039
DJIA,9/1/1957,4039.62,456.3,0.039
DJIA,10/1/1957,3904.53,441.04,0.040
DJIA,11/1/1957,3968.75,449.87,0.037
DJIA,12/1/1957,3843.66,435.69,0.032
DJIA,1/1/1958,3942.18,450.02,0.031
DJIA,2/1/1958,3853.7,439.92,0.031
DJIA,3/1/1958,3886.81,446.76,0.030
DJIA,4/1/1958,3951.85,455.86,0.029
DJIA,5/1/1958,4011.15,462.7,0.029
DJIA,6/1/1958,4145.34,478.18,0.030
DJIA,7/1/1958,4345.83,502.99,0.032
DJIA,8/1/1958,4409.31,508.63,0.035
DJIA,9/1/1958,4612.69,532.09,0.038
DJIA,10/1/1958,4709.17,543.22,0.038
DJIA,11/1/1958,4816.45,557.46,0.037
DJIA,12/1/1958,5059.66,583.65,0.039
DJIA,1/1/1959,5131.81,593.96,0.040
DJIA,2/1/1959,5231.74,603.5,0.040
DJIA,3/1/1959,5216.22,601.71,0.040
DJIA,4/1/1959,5389.2,623.75,0.041
DJIA,5/1/1959,5562.35,643.79,0.043
DJIA,6/1/1959,5541.4,643.6,0.043
DJIA,7/1/1959,5790.47,674.88,0.044
DJIA,8/1/1959,5700.64,664.41,0.044
DJIA,9/1/1959,5401.5,631.68,0.047
DJIA,10/1/1959,5510.33,646.6,0.045
DJIA,11/1/1959,5617.53,659.18,0.045
DJIA,12/1/1959,5789.51,679.36,0.047
DJIA,1/1/1960,5324.02,622.62,0.047
DJIA,2/1/1960,5369.88,630.12,0.045
DJIA,3/1/1960,5254.58,616.59,0.043
DJIA,4/1/1960,5110.24,601.7,0.043
DJIA,5/1/1960,5312.37,625.5,0.044
DJIA,6/1/1960,5422.21,640.62,0.042
DJIA,7/1/1960,5220,616.73,0.039
DJIA,8/1/1960,5298.38,625.99,0.038
DJIA,9/1/1960,4910.3,580.14,0.038
DJIA,10/1/1960,4879.67,580.36,0.039
DJIA,11/1/1960,5021.43,597.22,0.039
DJIA,12/1/1960,5178.4,615.89,0.038
DJIA,1/1/1961,5450.07,648.2,0.038
DJIA,2/1/1961,5566.77,662.08,0.038
DJIA,3/1/1961,5689.11,676.63,0.037
DJIA,4/1/1961,5706.59,678.71,0.038
DJIA,5/1/1961,5858.02,696.72,0.037
DJIA,6/1/1961,5750.74,683.96,0.039
DJIA,7/1/1961,5891.25,705.37,0.039
DJIA,8/1/1961,6032.38,719.94,0.040
DJIA,9/1/1961,5856.51,701.21,0.040
DJIA,10/1/1961,5879.14,703.92,0.039
DJIA,11/1/1961,6026.8,721.6,0.039
DJIA,12/1/1961,6106.48,731.14,0.041
DJIA,1/1/1962,5846.4,700,0.041
DJIA,2/1/1962,5893.81,708.05,0.040
DJIA,3/1/1962,5884.65,706.95,0.039
DJIA,4/1/1962,5519.58,665.33,0.038
DJIA,5/1/1962,5088.43,613.36,0.039
DJIA,6/1/1962,4656.38,561.28,0.039
DJIA,7/1/1962,4944.28,597.93,0.040
DJIA,8/1/1962,5037.31,609.18,0.040
DJIA,9/1/1962,4771.95,578.98,0.040
DJIA,10/1/1962,4860.88,589.77,0.039
DJIA,11/1/1962,5351.53,649.3,0.039
DJIA,12/1/1962,5374.61,652.1,0.039
DJIA,1/1/1963,5628.05,682.85,0.038
DJIA,2/1/1963,5463.95,662.94,0.039
DJIA,3/1/1963,5606.9,682.52,0.039
DJIA,4/1/1963,5895.91,717.7,0.040
DJIA,5/1/1963,5971.98,726.96,0.039
DJIA,6/1/1963,5787.93,706.88,0.040
DJIA,7/1/1963,5675.4,695.43,0.040
DJIA,8/1/1963,5951.98,729.32,0.040
DJIA,9/1/1963,5980.3,732.79,0.041
DJIA,10/1/1963,6143.8,755.23,0.041
DJIA,11/1/1963,6105.48,750.52,0.041
DJIA,12/1/1963,6186,762.95,0.041
DJIA,1/1/1964,6367.54,785.34,0.042
DJIA,2/1/1964,6487.54,800.14,0.042
DJIA,3/1/1964,6594.16,813.29,0.042
DJIA,4/1/1964,6573.72,810.77,0.042
DJIA,5/1/1964,6653.1,820.56,0.042
DJIA,6/1/1964,6720.18,831.5,0.042
DJIA,7/1/1964,6775.9,841.1,0.042
DJIA,8/1/1964,6776.6,838.48,0.042
DJIA,9/1/1964,7051.98,875.37,0.042
DJIA,10/1/1964,7033.53,873.08,0.042
DJIA,11/1/1964,7029.7,875.43,0.042
DJIA,12/1/1964,7019.26,874.13,0.042
DJIA,1/1/1965,7249.97,902.86,0.042
DJIA,2/1/1965,7254.94,903.48,0.042
DJIA,3/1/1965,7116.85,889.05,0.042
DJIA,4/1/1965,7359.11,922.31,0.042
DJIA,5/1/1965,7325.04,918.04,0.042
DJIA,6/1/1965,6882.61,868.03,0.042
DJIA,7/1/1965,6991.32,881.74,0.042
DJIA,8/1/1965,7081.39,893.1,0.043
DJIA,9/1/1965,7378.57,930.58,0.043
DJIA,10/1/1965,7594.32,960.82,0.044
DJIA,11/1/1965,7482.8,946.71,0.045
DJIA,12/1/1965,7636.8,969.26,0.046
DJIA,1/1/1966,7749.08,983.51,0.046
DJIA,2/1/1966,7453.3,951.89,0.048
DJIA,3/1/1966,7217.83,924.77,0.049
DJIA,4/1/1966,7242.56,933.68,0.048
DJIA,5/1/1966,6857.73,884.07,0.048
DJIA,6/1/1966,6728.48,870.1,0.048
DJIA,7/1/1966,6532.45,847.38,0.050
DJIA,8/1/1966,6040.8,788.41,0.052
DJIA,9/1/1966,5932.07,774.22,0.052
DJIA,10/1/1966,6145.84,807.07,0.050
DJIA,11/1/1966,6027.96,791.59,0.052
DJIA,12/1/1966,5983.03,785.69,0.048
DJIA,1/1/1967,6471.91,849.89,0.046
DJIA,2/1/1967,6391.8,839.37,0.046
DJIA,3/1/1967,6574.52,865.98,0.045
DJIA,4/1/1967,6789.77,897.05,0.046
DJIA,5/1/1967,6434.27,852.56,0.049
DJIA,6/1/1967,6472.6,860.26,0.050
DJIA,7/1/1967,6782.7,904.24,0.052
DJIA,8/1/1967,6740.75,901.29,0.053
DJIA,9/1/1967,6910.1,926.66,0.053
DJIA,10/1/1967,6540.87,879.74,0.055
DJIA,11/1/1967,6492.38,875.81,0.058
DJIA,12/1/1967,6689.67,905.11,0.057
DJIA,1/1/1968,6285.14,855.47,0.055
DJIA,2/1/1968,6157.5,840.5,0.056
DJIA,3/1/1968,6141.09,840.67,0.057
DJIA,4/1/1968,6643.7,912.22,0.056
DJIA,5/1/1968,6528.54,899,0.059
DJIA,6/1/1968,6482.12,897.8,0.057
DJIA,7/1/1968,6339.06,883,0.055
DJIA,8/1/1968,6413.64,896.01,0.054
DJIA,9/1/1968,6679.67,935.79,0.055
DJIA,10/1/1968,6760.06,952.39,0.056
DJIA,11/1/1968,6972.4,985.08,0.057
DJIA,12/1/1968,6660.99,943.75,0.060
DJIA,1/1/1969,6658.3,946.05,0.060
DJIA,2/1/1969,6334.66,905.21,0.062
DJIA,3/1/1969,6492.23,935.48,0.063
DJIA,4/1/1969,6558.14,950.18,0.062
DJIA,5/1/1969,6453.23,937.56,0.063
DJIA,6/1/1969,5977.86,873.19,0.066
DJIA,7/1/1969,5551.72,815.47,0.067
DJIA,8/1/1969,5666.27,836.72,0.067
DJIA,9/1/1969,5490.8,813.09,0.072
DJIA,10/1/1969,5749.68,855.99,0.071
DJIA,11/1/1969,5426.98,812.3,0.071
DJIA,12/1/1969,5319.19,800.36,0.077
DJIA,1/1/1970,4931.63,744.06,0.078
DJIA,2/1/1970,5126.65,777.59,0.072
DJIA,3/1/1970,5152.55,785.57,0.071
DJIA,4/1/1970,4790.34,736.07,0.074
DJIA,5/1/1970,4546.56,700.44,0.079
DJIA,6/1/1970,4413.55,683.53,0.078
DJIA,7/1/1970,4715.99,734.12,0.075
DJIA,8/1/1970,4911.66,764.58,0.075
DJIA,9/1/1970,4861.51,760.68,0.074
DJIA,10/1/1970,4804.92,755.61,0.073
DJIA,11/1/1970,5024.21,794.09,0.068
DJIA,12/1/1970,5281,838.92,0.064
DJIA,1/1/1971,5467.21,868.5,0.062
DJIA,2/1/1971,5518.17,878.83,0.061
DJIA,3/1/1971,5664.97,904.37,0.057
DJIA,4/1/1971,5884.05,941.75,0.058
DJIA,5/1/1971,5643.85,907.81,0.064
DJIA,6/1/1971,5499.22,891.14,0.065
DJIA,7/1/1971,5284.5,858.43,0.067
DJIA,8/1/1971,5515.05,898.07,0.066
DJIA,9/1/1971,5448.23,887.19,0.061
DJIA,10/1/1971,5139.71,839,0.059
DJIA,11/1/1971,5092.79,831.34,0.058
DJIA,12/1/1971,5426.66,890.2,0.059
DJIA,1/1/1972,5499.63,902.17,0.060
DJIA,2/1/1972,5630.04,928.13,0.061
DJIA,3/1/1972,5693.12,940.7,0.061
DJIA,4/1/1972,5760.32,954.17,0.062
DJIA,5/1/1972,5786.42,960.72,0.061
DJIA,6/1/1972,5581.61,929.03,0.061
DJIA,7/1/1972,5529.95,924.74,0.061
DJIA,8/1/1972,5748.65,963.73,0.062
DJIA,9/1/1972,5672.91,953.27,0.066
DJIA,10/1/1972,5659.54,955.52,0.065
DJIA,11/1/1972,6016.6,1018.21,0.063
DJIA,12/1/1972,6013.02,1020.02,0.064
DJIA,1/1/1973,5875.24,999.02,0.065
DJIA,2/1/1973,5577.61,955.07,0.066
DJIA,3/1/1973,5502.54,951.01,0.067
DJIA,4/1/1973,5294.54,921.43,0.067
DJIA,5/1/1973,5144.35,901.41,0.069
DJIA,6/1/1973,5054.21,891.71,0.069
DJIA,7/1/1973,5239.72,926.4,0.071
DJIA,8/1/1973,4930.45,887.57,0.074
DJIA,9/1/1973,5249.78,947.1,0.071
DJIA,10/1/1973,5255.45,956.58,0.068
DJIA,11/1/1973,4488.66,822.25,0.067
DJIA,12/1/1973,4614.21,850.86,0.067
DJIA,1/1/1974,4600.29,855.55,0.070
DJIA,2/1/1974,4567.69,860.53,0.070
DJIA,3/1/1974,4438.3,846.68,0.072
DJIA,4/1/1974,4367.84,836.75,0.075
DJIA,5/1/1974,4135.19,802.17,0.076
DJIA,6/1/1974,4102.72,802.41,0.075
DJIA,7/1/1974,3841.68,757.43,0.078
DJIA,8/1/1974,3400.36,678.58,0.080
DJIA,9/1/1974,3010.17,607.87,0.080
DJIA,10/1/1974,3263.04,665.52,0.079
DJIA,11/1/1974,3009.78,618.66,0.077
DJIA,12/1/1974,2974.59,616.24,0.074
DJIA,1/1/1975,3384.05,703.69,0.075
DJIA,2/1/1975,3526.75,739.05,0.074
DJIA,3/1/1975,3651.79,768.15,0.077
DJIA,4/1/1975,3889.87,821.34,0.082
DJIA,5/1/1975,3920.09,832.29,0.081
DJIA,6/1/1975,4108.4,878.99,0.079
DJIA,7/1/1975,3844.07,831.51,0.081
DJIA,8/1/1975,3854.26,835.34,0.084
DJIA,9/1/1975,3643.12,793.88,0.084
DJIA,10/1/1975,3815.69,836.04,0.081
DJIA,11/1/1975,3899.7,860.67,0.081
DJIA,12/1/1975,3847.78,852.41,0.080
DJIA,1/1/1976,4394.61,975.28,0.077
DJIA,2/1/1976,4367.02,972.61,0.078
DJIA,3/1/1976,4479.53,999.45,0.077
DJIA,4/1/1976,4451.93,996.85,0.076
DJIA,5/1/1976,4324.17,975.23,0.079
DJIA,6/1/1976,4423.26,1002.78,0.079
DJIA,7/1/1976,4320.6,984.64,0.078
DJIA,8/1/1976,4250.38,973.74,0.078
DJIA,9/1/1976,4307.33,990.19,0.076
DJIA,10/1/1976,4175.25,964.93,0.074
DJIA,11/1/1976,4091.99,947.22,0.073
DJIA,12/1/1976,4325.02,1004.65,0.069
DJIA,1/1/1977,4087.57,954.37,0.072
DJIA,2/1/1977,3969.48,936.42,0.074
DJIA,3/1/1977,3870.46,919.13,0.075
DJIA,4/1/1977,3870.73,926.9,0.074
DJIA,5/1/1977,3733.93,898.66,0.075
DJIA,6/1/1977,3782.49,916.3,0.073
DJIA,7/1/1977,3655.52,890.07,0.073
DJIA,8/1/1977,3526.94,861.49,0.074
DJIA,9/1/1977,3457.06,847.11,0.073
DJIA,10/1/1977,3328.23,818.35,0.075
DJIA,11/1/1977,3358.63,829.7,0.076
DJIA,12/1/1977,3353.77,831.17,0.077
DJIA,1/1/1978,3086.61,769.92,0.080
DJIA,2/1/1978,2955.86,742.12,0.080
DJIA,3/1/1978,2993.09,757.36,0.080
DJIA,4/1/1978,3283.13,837.32,0.082
DJIA,5/1/1978,3264.93,840.61,0.084
DJIA,6/1/1978,3147.22,818.95,0.085
DJIA,7/1/1978,3287.84,862.27,0.086
DJIA,8/1/1978,3328.41,876.82,0.084
DJIA,9/1/1978,3262.41,865.82,0.084
DJIA,10/1/1978,2959.01,792.45,0.086
DJIA,11/1/1978,2969.99,799.03,0.088
DJIA,12/1/1978,2979.34,805.01,0.090
DJIA,1/1/1979,3078.26,839.22,0.091
DJIA,2/1/1979,2932.78,808.82,0.091
DJIA,3/1/1979,3094.36,862.18,0.091
DJIA,4/1/1979,3034.04,854.9,0.092
DJIA,5/1/1979,2881.44,822.33,0.093
DJIA,6/1/1979,2917.46,841.98,0.089
DJIA,7/1/1979,2900.68,846.42,0.090
DJIA,8/1/1979,3013.5,887.63,0.090
DJIA,9/1/1979,2951.15,878.58,0.093
DJIA,10/1/1979,2717.91,815.7,0.103
DJIA,11/1/1979,2714.58,822.35,0.107
DJIA,12/1/1979,2740.16,838.74,0.104
DJIA,1/1/1980,2820.24,875.85,0.108
DJIA,2/1/1980,2740.47,863.14,0.124
DJIA,3/1/1980,2457.83,785.75,0.128
DJIA,4/1/1980,2527.17,817.06,0.115
DJIA,5/1/1980,2606.15,850.85,0.102
DJIA,6/1/1980,2629.8,867.92,0.098
DJIA,7/1/1980,2834.02,935.32,0.103
DJIA,8/1/1980,2805.23,932.59,0.111
DJIA,9/1/1980,2781.41,932.42,0.115
DJIA,10/1/1980,2731.87,924.49,0.118
DJIA,11/1/1980,2910.49,993.34,0.127
DJIA,12/1/1980,2798.46,963.99,0.128
DJIA,1/1/1981,2728.14,947.27,0.126
DJIA,2/1/1981,2777.55,974.58,0.132
DJIA,3/1/1981,2841.96,1003.87,0.131
DJIA,4/1/1981,2805.67,997.75,0.137
DJIA,5/1/1981,2766.98,991.75,0.141
DJIA,6/1/1981,2701.07,976.88,0.135
DJIA,7/1/1981,2604.65,952.34,0.143
DJIA,8/1/1981,2392.31,881.47,0.149
DJIA,9/1/1981,2284.75,849.98,0.153
DJIA,10/1/1981,2287.39,852.55,0.152
DJIA,11/1/1981,2377.13,888.98,0.134
DJIA,12/1/1981,2331.88,875,0.137
DJIA,1/1/1982,2314.51,871.1,0.146
DJIA,2/1/1982,2182.98,824.39,0.144
DJIA,3/1/1982,2181.16,822.77,0.139
DJIA,4/1/1982,2239.67,848.36,0.139
DJIA,5/1/1982,2143.1,819.54,0.136
DJIA,6/1/1982,2097.22,811.93,0.143
DJIA,7/1/1982,2078.1,808.6,0.140
DJIA,8/1/1982,2310.96,901.31,0.131
DJIA,9/1/1982,2293.5,896.25,0.123
DJIA,10/1/1982,2529.88,991.72,0.109
DJIA,11/1/1982,2657.44,1039.28,0.106
DJIA,12/1/1982,2686.47,1046.54,0.105
DJIA,1/1/1983,2755.94,1075.7,0.105
DJIA,2/1/1983,2847.19,1112.62,0.107
DJIA,3/1/1983,2891.75,1130.03,0.105
DJIA,4/1/1983,3115.77,1226.2,0.104
DJIA,5/1/1983,3031.15,1199.98,0.104
DJIA,6/1/1983,3076.9,1221.96,0.109
DJIA,7/1/1983,3007.64,1199.22,0.114
DJIA,8/1/1983,3040.4,1216.16,0.119
DJIA,9/1/1983,3068.03,1233.13,0.117
DJIA,10/1/1983,3039.72,1225.2,0.115
DJIA,11/1/1983,3159.43,1276.02,0.117
DJIA,12/1/1983,3112.62,1258.64,0.118
DJIA,1/1/1984,3001.41,1220.58,0.117
DJIA,2/1/1984,2825.38,1154.63,0.118
DJIA,3/1/1984,2844.66,1164.89,0.123
DJIA,4/1/1984,2844.92,1170.75,0.126
DJIA,5/1/1984,2677.05,1104.85,0.134
DJIA,6/1/1984,2735.88,1132.4,0.136
DJIA,7/1/1984,2684.48,1115.28,0.134
DJIA,8/1/1984,2936.06,1224.38,0.127
DJIA,9/1/1984,2879.21,1206.71,0.125
DJIA,10/1/1984,2872.36,1207.38,0.122
DJIA,11/1/1984,2828.49,1188.94,0.116
DJIA,12/1/1984,2882.33,1211.57,0.115
DJIA,1/1/1985,3056.08,1286.77,0.114
DJIA,2/1/1985,3035.4,1284.01,0.115
DJIA,3/1/1985,2983.27,1266.78,0.119
DJIA,4/1/1985,2948.89,1258.06,0.114
DJIA,5/1/1985,3071.48,1315.41,0.109
DJIA,6/1/1985,3108.95,1335.46,0.102
DJIA,7/1/1985,3131.47,1347.45,0.103
DJIA,8/1/1985,3094.9,1334.01,0.103
DJIA,9/1/1985,3073.12,1328.63,0.104
DJIA,10/1/1985,3167.78,1374.31,0.102
DJIA,11/1/1985,3384.43,1472.13,0.098
DJIA,12/1/1985,3544.97,1546.67,0.093
DJIA,1/1/1986,3591.28,1570.99,0.092
DJIA,2/1/1986,3917.17,1709.06,0.087
DJIA,3/1/1986,4188.26,1818.61,0.078
DJIA,4/1/1986,4115.64,1783.98,0.073
DJIA,5/1/1986,4318.31,1876.71,0.077
DJIA,6/1/1986,4330.54,1892.72,0.078
DJIA,7/1/1986,4061.91,1775.31,0.073
DJIA,8/1/1986,4335.81,1898.34,0.072
DJIA,9/1/1986,4019.48,1767.58,0.075
DJIA,10/1/1986,4264.28,1877.71,0.074
DJIA,11/1/1986,4343.39,1914.23,0.073
DJIA,12/1/1986,4298.12,1895.95,0.071
DJIA,1/1/1987,4862.06,2158.04,0.071
DJIA,2/1/1987,4992.86,2223.99,0.073
DJIA,3/1/1987,5150.98,2304.69,0.073
DJIA,4/1/1987,5082.58,2286.36,0.080
DJIA,5/1/1987,5075.83,2291.57,0.086
DJIA,6/1/1987,5337.7,2418.53,0.084
DJIA,7/1/1987,5663.7,2572.07,0.085
DJIA,8/1/1987,5831.86,2662.95,0.088
DJIA,9/1/1987,5657.29,2596.28,0.094
DJIA,10/1/1987,4331.94,1993.53,0.095
DJIA,11/1/1987,3980.64,1833.55,0.089
DJIA,12/1/1987,4209.2,1938.83,0.090
DJIA,1/1/1988,4239.55,1958.22,0.087
DJIA,2/1/1988,4474.7,2071.62,0.082
DJIA,3/1/1988,4276.32,1988.06,0.084
DJIA,4/1/1988,4349.19,2032.33,0.087
DJIA,5/1/1988,4330.35,2031.12,0.091
DJIA,6/1/1988,4546.85,2141.71,0.089
DJIA,7/1/1988,4500.14,2128.73,0.091
DJIA,8/1/1988,4276.62,2031.65,0.093
DJIA,9/1/1988,4418.09,2112.91,0.090
DJIA,10/1/1988,4477.79,2148.65,0.088
DJIA,11/1/1988,4404.52,2114.51,0.090
DJIA,12/1/1988,4508.46,2168.57,0.091
DJIA,1/1/1989,4846.26,2342.32,0.091
DJIA,2/1/1989,4652.28,2258.39,0.092
DJIA,3/1/1989,4699.63,2293.62,0.094
DJIA,4/1/1989,4922.26,2418.8,0.092
DJIA,5/1/1989,5019.82,2480.15,0.089
DJIA,6/1/1989,4926.48,2440.06,0.083
DJIA,7/1/1989,5358.57,2660.66,0.080
DJIA,8/1/1989,5504.65,2737.27,0.081
DJIA,9/1/1989,5396.41,2692.82,0.082
DJIA,10/1/1989,5276.93,2645.08,0.080
DJIA,11/1/1989,5385.48,2706.27,0.079
DJIA,12/1/1989,5470.61,2753.2,0.078
DJIA,1/1/1990,5095.59,2590.54,0.082
DJIA,2/1/1990,5141.53,2627.25,0.085
DJIA,3/1/1990,5270.94,2707.21,0.086
DJIA,4/1/1990,5164.74,2656.76,0.088
DJIA,5/1/1990,5577.84,2876.66,0.087
DJIA,6/1/1990,5556.85,2880.69,0.085
DJIA,7/1/1990,5580.89,2905.2,0.085
DJIA,8/1/1990,4977.74,2614.36,0.088
DJIA,9/1/1990,4630.28,2452.48,0.089
DJIA,10/1/1990,4584.25,2442.33,0.087
DJIA,11/1/1990,4794.22,2559.65,0.084
DJIA,12/1/1990,4932.85,2633.66,0.081
DJIA,1/1/1991,5092.42,2736.39,0.081
DJIA,2/1/1991,5357.97,2882.18,0.079
DJIA,3/1/1991,5408.12,2913.86,0.081
DJIA,4/1/1991,5351.22,2887.87,0.080
DJIA,5/1/1991,5594.82,3027.5,0.081
DJIA,6/1/1991,5354.23,2906.75,0.083
DJIA,7/1/1991,5565.67,3024.82,0.083
DJIA,8/1/1991,5581.96,3043.6,0.079
DJIA,9/1/1991,5508.62,3016.77,0.077
DJIA,10/1/1991,5594.97,3069.1,0.075
DJIA,11/1/1991,5262.53,2894.68,0.074
DJIA,12/1/1991,5757.76,3168.83,0.071
DJIA,1/1/1992,5847.25,3223.4,0.070
DJIA,2/1/1992,5908,3267.7,0.073
DJIA,3/1/1992,5820.66,3235.5,0.075
DJIA,4/1/1992,6032.94,3359.1,0.075
DJIA,5/1/1992,6090.64,3396.9,0.074
DJIA,6/1/1992,5930.16,3318.5,0.073
DJIA,7/1/1992,6051.15,3393.8,0.068
DJIA,8/1/1992,5791.66,3257.4,0.066
DJIA,9/1/1992,5800.72,3271.7,0.064
DJIA,10/1/1992,5700.87,3226.3,0.066
DJIA,11/1/1992,5830.37,3305.2,0.069
DJIA,12/1/1992,5829.76,3301.11,0.068
DJIA,1/1/1993,5815.67,3310,0.066
DJIA,2/1/1993,5902.29,3370.81,0.063
DJIA,3/1/1993,5994.27,3435.11,0.060
DJIA,4/1/1993,5963.94,3427.55,0.060
DJIA,5/1/1993,6127.15,3527.43,0.060
DJIA,6/1/1993,6100.4,3516.08,0.060
DJIA,7/1/1993,6140.98,3539.47,0.058
DJIA,8/1/1993,6316.66,3651.25,0.057
DJIA,9/1/1993,6139.69,3555.12,0.054
DJIA,10/1/1993,6330.61,3680.59,0.053
DJIA,11/1/1993,6329.03,3683.95,0.057
DJIA,12/1/1993,6449.53,3754.09,0.058
DJIA,1/1/1994,6818.91,3978.36,0.058
DJIA,2/1/1994,6545.09,3832.02,0.060
DJIA,3/1/1994,6188.4,3635.96,0.065
DJIA,4/1/1994,6258.87,3681.69,0.070
DJIA,5/1/1994,6385.47,3758.37,0.072
DJIA,6/1/1994,6137.06,3624.96,0.071
DJIA,7/1/1994,6354.48,3764.5,0.073
DJIA,8/1/1994,6582.37,3913.42,0.072
DJIA,9/1/1994,6445.03,3843.19,0.075
DJIA,10/1/1994,6550.01,3908.12,0.077
DJIA,11/1/1994,6259.47,3739.23,0.080
DJIA,12/1/1994,6418.85,3834.44,0.078
DJIA,1/1/1995,6407.71,3843.86,0.078
DJIA,2/1/1995,6658.34,4011.05,0.075
DJIA,3/1/1995,6880.98,4157.69,0.072
DJIA,4/1/1995,7125.77,4321.27,0.071
DJIA,5/1/1995,7349.62,4465.14,0.066
DJIA,6/1/1995,7485.67,4556.1,0.062
DJIA,7/1/1995,7736.02,4708.47,0.063
DJIA,8/1/1995,7556.71,4610.56,0.065
DJIA,9/1/1995,7830.15,4789.08,0.062
DJIA,10/1/1995,7751.43,4755.48,0.060
DJIA,11/1/1995,8276.49,5074.49,0.059
DJIA,12/1/1995,8351.14,5117.12,0.057
DJIA,1/1/1996,8756.57,5395.3,0.057
DJIA,2/1/1996,8870.25,5485.62,0.058
DJIA,3/1/1996,8989.71,5587.14,0.063
DJIA,4/1/1996,8927.24,5569.08,0.065
DJIA,5/1/1996,9029.09,5643.18,0.067
DJIA,6/1/1996,9041.75,5654.63,0.069
DJIA,7/1/1996,8824.14,5528.91,0.069
DJIA,8/1/1996,8946.62,5616.21,0.066
DJIA,9/1/1996,9340.89,5882.17,0.068
DJIA,10/1/1996,9544.51,6029.38,0.065
DJIA,11/1/1996,10304.29,6521.7,0.062
DJIA,12/1/1996,10188.27,6448.27,0.063
DJIA,1/1/1997,10730.62,6813.09,0.066
DJIA,2/1/1997,10798.05,6877.74,0.064
DJIA,3/1/1997,10309.73,6583.48,0.067
DJIA,4/1/1997,10962.08,7009,0.069
DJIA,5/1/1997,11473.02,7331,0.067
DJIA,6/1/1997,11992.59,7672.8,0.065
DJIA,7/1/1997,12835.48,8222.6,0.062
DJIA,8/1/1997,11875.7,7622.4,0.063
DJIA,9/1/1997,12347,7945.3,0.062
DJIA,10/1/1997,11535.26,7442.1,0.060
DJIA,11/1/1997,12133.63,7823.1,0.059
DJIA,12/1/1997,12281.59,7908.3,0.058
DJIA,1/1/1998,12255.08,7906.5,0.055
DJIA,2/1/1998,13228.77,8545.72,0.056
DJIA,3/1/1998,13595.71,8799.81,0.057
DJIA,4/1/1998,13975.72,9063.37,0.056
DJIA,5/1/1998,13697.02,8899.95,0.057
DJIA,6/1/1998,13759.25,8952.02,0.055
DJIA,7/1/1998,13635.85,8883.29,0.055
DJIA,8/1/1998,11557.39,7539.07,0.053
DJIA,9/1/1998,12007.05,7842.62,0.048
DJIA,10/1/1998,13128.73,8592.1,0.045
DJIA,11/1/1998,13930.09,9116.55,0.048
DJIA,12/1/1998,14038.41,9181.43,0.046
DJIA,1/1/1999,14272.22,9358.83,0.047
DJIA,2/1/1999,14173.92,9306.58,0.050
DJIA,3/1/1999,14855.39,9786.16,0.052
DJIA,4/1/1999,16259.08,10789.04,0.052
DJIA,5/1/1999,15913.53,10559.74,0.055
DJIA,6/1/1999,16533,10970.8,0.059
DJIA,7/1/1999,16014.69,10655.15,0.058
DJIA,8/1/1999,16233.09,10829.28,0.059
DJIA,9/1/1999,15422.73,10336.95,0.059
DJIA,10/1/1999,15987.49,10729.86,0.061
DJIA,11/1/1999,16197.06,10877.81,0.060
DJIA,12/1/1999,17119.21,11497.12,0.063
DJIA,1/1/2000,16235.75,10940.53,0.067
DJIA,2/1/2000,14949.39,10128.31,0.065
DJIA,3/1/2000,15978.77,10921.92,0.063
DJIA,4/1/2000,15703.71,10733.91,0.060
DJIA,5/1/2000,15373.12,10522.33,0.065
DJIA,6/1/2000,15180.78,10447.89,0.061
DJIA,7/1/2000,15256.87,10521.98,0.061
DJIA,8/1/2000,16261.9,11215.1,0.058
DJIA,9/1/2000,15358.63,10650.92,0.058
DJIA,10/1/2000,15798.44,10971.14,0.057
DJIA,11/1/2000,14986.45,10414.49,0.057
DJIA,12/1/2000,15534.71,10787.99,0.052
DJIA,1/1/2001,15579.81,10887.36,0.052
DJIA,2/1/2001,14955.77,10495.28,0.051
DJIA,3/1/2001,14047.63,9878.78,0.049
DJIA,4/1/2001,15200.72,10734.97,0.051
DJIA,5/1/2001,15385.84,10911.94,0.054
DJIA,6/1/2001,14787.38,10502.4,0.053
DJIA,7/1/2001,14858.21,10522.81,0.052
DJIA,8/1/2001,14049.05,9949.75,0.050
DJIA,9/1/2001,12430.82,8847.56,0.047
DJIA,10/1/2001,12795.95,9075.14,0.046
DJIA,11/1/2001,13910.4,9851.56,0.047
DJIA,12/1/2001,14210.59,10021.57,0.051
DJIA,1/1/2002,14036.8,9920,0.050
DJIA,2/1/2002,14239.54,10106.13,0.049
DJIA,3/1/2002,14575.92,10403.94,0.053
DJIA,4/1/2002,13855.08,9946.22,0.052
DJIA,5/1/2002,13825.87,9925.25,0.052
DJIA,6/1/2002,12875.86,9243.26,0.049
DJIA,7/1/2002,12152.6,8736.59,0.046
DJIA,8/1/2002,12016.27,8663.5,0.043
DJIA,9/1/2002,10507.23,7591.93,0.039
DJIA,10/1/2002,11604.7,8397.03,0.040
DJIA,11/1/2002,12294.4,8896.09,0.041
DJIA,12/1/2002,11553.16,8341.63,0.040
DJIA,1/1/2003,11106.2,8053.81,0.041
DJIA,2/1/2003,10795,7891.08,0.039
DJIA,3/1/2003,10869.3,7992.13,0.038
DJIA,4/1/2003,11558.36,8480.09,0.040
DJIA,5/1/2003,12080.6,8850.26,0.036
DJIA,6/1/2003,12256.14,8985.44,0.033
DJIA,7/1/2003,12576.44,9233.8,0.040
DJIA,8/1/2003,12777.27,9415.82,0.045
DJIA,9/1/2003,12549.16,9275.06,0.043
DJIA,10/1/2003,13270.72,9801.12,0.043
DJIA,11/1/2003,13284.58,9782.46,0.043
DJIA,12/1/2003,14206.88,10453.92,0.043
DJIA,1/1/2004,14190.36,10488.07,0.042
DJIA,2/1/2004,14245.96,10583.92,0.041
DJIA,3/1/2004,13848.24,10357.7,0.038
DJIA,4/1/2004,13630.68,10225.57,0.044
DJIA,5/1/2004,13499.7,10188.45,0.047
DJIA,6/1/2004,13785.27,10435.48,0.047
DJIA,7/1/2004,13414.84,10139.71,0.045
DJIA,8/1/2004,13449.92,10173.92,0.043
DJIA,9/1/2004,13295.88,10080.27,0.041
DJIA,10/1/2004,13156.04,10027.47,0.041
DJIA,11/1/2004,13681.56,10428.02,0.042
DJIA,12/1/2004,14201.22,10783.01,0.042
DJIA,1/1/2005,13783.78,10489.94,0.042
DJIA,2/1/2005,14060.7,10766.23,0.042
DJIA,3/1/2005,13612.87,10503.76,0.045
DJIA,4/1/2005,13117.76,10192.51,0.043
DJIA,5/1/2005,13492.58,10467.48,0.041
DJIA,6/1/2005,13234.16,10274.97,0.040
DJIA,7/1/2005,13641.65,10640.91,0.042
DJIA,8/1/2005,13374.52,10481.6,0.043
DJIA,9/1/2005,13316.56,10568.7,0.042
DJIA,10/1/2005,13133.61,10440.07,0.045
DJIA,11/1/2005,13701.84,10805.87,0.045
DJIA,12/1/2005,13643.38,10717.5,0.045
DJIA,1/1/2006,13722.32,10864.86,0.044
DJIA,2/1/2006,13862.69,10993.41,0.046
DJIA,3/1/2006,13931.09,11109.32,0.047
DJIA,4/1/2006,14129.36,11367.14,0.050
DJIA,5/1/2006,13815.2,11168.31,0.051
DJIA,6/1/2006,13770.52,11150.22,0.051
DJIA,7/1/2006,13769.57,11185.68,0.051
DJIA,8/1/2006,13987.43,11381.15,0.049
DJIA,9/1/2006,14423.65,11679.07,0.047
DJIA,10/1/2006,15004.27,12080.73,0.047
DJIA,11/1/2006,15191.86,12221.93,0.046
DJIA,12/1/2006,15479.23,12463.15,0.046
DJIA,1/1/2007,15625.65,12621.69,0.048
DJIA,2/1/2007,15102.68,12268.63,0.047
DJIA,3/1/2007,15072.31,12354.35,0.046
DJIA,4/1/2007,15832.25,13062.91,0.047
DJIA,5/1/2007,16421.31,13627.64,0.048
DJIA,6/1/2007,16130.57,13408.62,0.051
DJIA,7/1/2007,15894.02,13211.99,0.050
DJIA,8/1/2007,16096.08,13357.74,0.047
DJIA,9/1/2007,16702.55,13895.63,0.045
DJIA,10/1/2007,16702.08,13930.01,0.045
DJIA,11/1/2007,15939.09,13371.72,0.041
DJIA,12/1/2007,15824.93,13264.82,0.041
DJIA,1/1/2008,15015.98,12650.36,0.037
DJIA,2/1/2008,14523.41,12266.39,0.037
DJIA,3/1/2008,14384.37,12262.89,0.035
DJIA,4/1/2008,14948.27,12820.13,0.037
DJIA,5/1/2008,14622.54,12638.32,0.039
DJIA,6/1/2008,12995.76,11350.01,0.041
DJIA,7/1/2008,12959.56,11378.02,0.040
DJIA,8/1/2008,13206.29,11543.96,0.039
DJIA,9/1/2008,12424.01,10850.66,0.037
DJIA,10/1/2008,10789.04,9325.01,0.038
DJIA,11/1/2008,10409.44,8829.04,0.035
DJIA,12/1/2008,10461.46,8776.39,0.024
DJIA,1/1/2009,9497.02,8000.86,0.025
DJIA,2/1/2009,8341.32,7062.93,0.029
DJIA,3/1/2009,8963.31,7608.92,0.028
DJIA,4/1/2009,9597.54,8168.12,0.029
DJIA,5/1/2009,9962.39,8500.33,0.033
DJIA,6/1/2009,9815.41,8447,0.037
DJIA,7/1/2009,10666.58,9171.61,0.036
DJIA,8/1/2009,11025.18,9496.28,0.036
DJIA,9/1/2009,11266.24,9712.28,0.034
DJIA,10/1/2009,11257.05,9712.73,0.034
DJIA,11/1/2009,11979.32,10344.84,0.034
DJIA,12/1/2009,12096.54,10428.05,0.036
DJIA,1/1/2010,11637.83,10067.33,0.037
DJIA,2/1/2010,11936,10325.26,0.037
DJIA,3/1/2010,12495.98,10856.63,0.037
DJIA,4/1/2010,12648.89,11008.61,0.039
DJIA,5/1/2010,11636.85,10136.63,0.034
DJIA,6/1/2010,11230.35,9774.02,0.032
DJIA,7/1/2010,12025.37,10465.94,0.030
DJIA,8/1/2010,11496.9,10014.72,0.027
DJIA,9/1/2010,12373.89,10788.05,0.027
DJIA,10/1/2010,12741.79,11118.49,0.025
DJIA,11/1/2010,12601.89,11006.02,0.028
DJIA,12/1/2010,13233.09,11577.51,0.033
DJIA,1/1/2011,13533.02,11891.93,0.034
DJIA,2/1/2011,13840.22,12226.34,0.036
DJIA,3/1/2011,13810.42,12319.73,0.034
DJIA,4/1/2011,14270.94,12810.54,0.035
DJIA,5/1/2011,13939.9,12569.79,0.032
DJIA,6/1/2011,13779.92,12414.34,0.030
DJIA,7/1/2011,13466.85,12143.24,0.030
DJIA,8/1/2011,12844.56,11613.53,0.023
DJIA,9/1/2011,12048.37,10913.38,0.020
DJIA,10/1/2011,13234.2,11955.01,0.022
DJIA,11/1/2011,13334.57,12045.68,0.020
DJIA,12/1/2011,13561.49,12217.56,0.020
DJIA,1/1/2012,13959.37,12632.91,0.020
DJIA,2/1/2012,14260.23,12952.07,0.020
DJIA,3/1/2012,14427.55,13212.04,0.022
DJIA,4/1/2012,14389.64,13213.63,0.021
DJIA,5/1/2012,13508.86,12393.45,0.018
DJIA,6/1/2012,14065.06,12880.09,0.016
DJIA,7/1/2012,14231.5,13008.68,0.015
DJIA,8/1/2012,14242.83,13090.84,0.017
DJIA,9/1/2012,14552.41,13437.13,0.017
DJIA,10/1/2012,14183.47,13096.46,0.018
DJIA,11/1/2012,14171.83,13025.58,0.017
DJIA,12/1/2012,14296.62,13104.14,0.017
DJIA,1/1/2013,15080.31,13860.58,0.019
DJIA,2/1/2013,15164.79,14054.49,0.020
DJIA,3/1/2013,15686.51,14578.54,0.020
DJIA,4/1/2013,15982.46,14839.8,0.018
DJIA,5/1/2013,16264.35,15115.57,0.019
DJIA,6/1/2013,15998,14909.6,0.023
DJIA,7/1/2013,16631.01,15499.54,0.026
DJIA,8/1/2013,15861.84,14810.31,0.027
DJIA,9/1/2013,16188.75,15129.67,0.028
DJIA,10/1/2013,16680.59,15545.75,0.026
DJIA,11/1/2013,17292.89,16086.41,0.027
DJIA,12/1/2013,17819.91,16576.66,0.029
DJIA,1/1/2014,16813.47,15698.85,0.029
DJIA,2/1/2014,17415.26,16321.71,0.027
DJIA,3/1/2014,17445.12,16457.66,0.027
DJIA,4/1/2014,17525.95,16580.84,0.027
DJIA,5/1/2014,17603.18,16717.17,0.026
DJIA,6/1/2014,17684.76,16826.6,0.026
DJIA,7/1/2014,17424.59,16563.3,0.026
DJIA,8/1/2014,18004.67,17098.45,0.024
DJIA,9/1/2014,17946.17,17042.9,0.025
DJIA,10/1/2014,18347,17390.52,0.023
DJIA,11/1/2014,18915.76,17828.24,0.023
DJIA,12/1/2014,19017.22,17823.07,0.022
DJIA,1/1/2015,18400.83,17164.95,0.019
DJIA,2/1/2015,19347.59,18132.7,0.020
DJIA,3/1/2015,18860.46,17776.12,0.020
DJIA,4/1/2015,18893.11,17840.52,0.019
DJIA,5/1/2015,18983.26,18010.68,0.022
DJIA,6/1/2015,18500.49,17619.51,0.024
DJIA,7/1/2015,18574.35,17689.86,0.023
DJIA,8/1/2015,17370.96,16528.03,0.022
DJIA,9/1/2015,17147.79,16284.7,0.022
DJIA,10/1/2015,18599.71,17663.54,0.021
DJIA,11/1/2015,18712.24,17719.92,0.023
DJIA,12/1/2015,18453.11,17425.03,0.022
DJIA,1/1/2016,17421.35,16466.3,0.021
DJIA,2/1/2016,17457.94,16516.5,0.018
DJIA,3/1/2016,18604.71,17685.09,0.019
DJIA,4/1/2016,18609,17773.64,0.018
DJIA,5/1/2016,18552.05,17787.2,0.018
DJIA,6/1/2016,18647.19,17929.99,0.016
DJIA,7/1/2016,19187.96,18432.24,0.015
DJIA,8/1/2016,19136.92,18400.88,0.016
DJIA,9/1/2016,19003.86,18308.15,0.016
DJIA,10/1/2016,18795.55,18142.42,0.018
DJIA,11/1/2016,19850.28,19123.58,0.021
DJIA,12/1/2016,20513.58,19762.6,0.025
DJIA,1/1/2017,20499.74,19864.09,0.024
DJIA,2/1/2017,21415.79,20812.24,0.024
DJIA,3/1/2017,21241.79,20663.22,0.025
DJIA,4/1/2017,21464.02,20940.51,0.022
DJIA,5/1/2017,21512.86,21008.65,0.023
DJIA,6/1/2017,21840.67,21349.63,0.022
DJIA,7/1/2017,22416.51,21891.12,0.023
DJIA,8/1/2017,22387.06,21948.1,0.022
DJIA,9/1/2017,22741.17,22405.09,0.022
DJIA,10/1/2017,23751.28,23377.24,0.024
DJIA,11/1/2017,24660.71,24272.35,0.024
DJIA,12/1/2017,25114.73,24719.22,0.024
DJIA,1/1/2018,26437.03,26149.39,0.026
DJIA,2/1/2018,25179.38,25029.2,0.029
DJIA,3/1/2018,24199.52,24103.11,0.028
DJIA,4/1/2018,24163.15,24163.15,0.029
DJIA,5/1/2018,24415.84,24415.84,0.030
